<?xml version="1.0" encoding="UTF-8"?>
<!DOCTYPE struts PUBLIC
   "-//Apache Software Foundation//DTD Struts Configuration 2.0//EN"
   "http://struts.apache.org/dtds/struts-2.0.dtd">
   
<struts>
	<package name="default" extends="struts-default">
	
		<action name="login" class="action.Login">
			<result name="error">/login.jsp</result>
			<result name="success">/home.jsp</result>
		</action>   

		<action name="searchprocess" class="action.Search">  
		<result name="success">search.jsp</result>  
		<result name="error">update.jsp</result>  
		</action>

		<action name="register" class="action.Register">
			<result name="REGISTER">/register.jsp</result>
			<result name="success">/thank.jsp</result>
			<result name="error">/register.jsp</result>
		</action>   

		<action name="profile" class="action.Profile">
			<result name="PROFILE">/home.jsp</result>
		</action>   

		<action name="updatedetails" class="action.MyUpdate">
			<result name="success">/update.jsp</result>
			<result name="error">/thank.jsp</result>
		</action>   

		<action name="thank" class="action.Thank">
			<result name="THANK">/thank.jsp</result>
		</action>   

		<action name="logout" class="action.Login" method="logout">
			<result name="success">/logout.jsp</result>
		</action>
		
		<action name="emailconfirm" class="action.Email">
			<result name="EMAIL">/emailconfirm.jsp</result>
		</action>
		
		<action name="forgotpass" class="action.Forgotpass">
			<result name="FORGOTPASS">/forgotpass.jsp</result>
		</action>  
		
		<action name="Cpassword" class="action.Cpassword">
			<result name="CPASSWORD">/Cpassword.jsp</result>
		</action>      
		
	</package>
</struts>